{
  "packages": [
    {
      "name": "esp32",
      "maintainer": "Espressif Systems",
      "websiteURL": "https://github.com/espressif/arduino-esp32",
      "email": "hristo@espressif.com",
      "help": {
        "online": "http://esp32.com"
      },
      "platforms": [
        {
          "name": "esp32",
          "architecture": "esp32",
          "version": "",
          "category": "ESP32",
          "url": "",
          "archiveFileName": "",
          "checksum": "",
          "size": "",
          "help": {
            "online": ""
          },
          "boards": [
            {
              "name": "ESP32 Dev Module"
            },
            {
              "name": "WEMOS LoLin32"
            },
            {
              "name": "WEMOS D1 MINI ESP32"
            }
          ],
          "toolsDependencies": [
            {
              "packager": "esp32",
              "name": "xtensa-esp32-elf-gcc",
              "version": "1.22.0-96-g2852398-5.2.0"
            },
            {
              "packager": "esp32",
              "name": "esptool_py",
              "version": "3.0.0"
            },
            {
              "packager": "esp32",
              "name": "mkspiffs",
              "version": "0.2.3"
            }
          ]
        }
      ],
      "tools": [
        {
          "name": "xtensa-esp32-elf-gcc",
          "version": "1.22.0-96-g2852398-5.2.0",
          "systems": [
            {
              "host": "i686-mingw32",
              "url": "https://dl.espressif.com/dl/xtensa-esp32-elf-win32-1.22.0-96-g2852398-5.2.0.zip",
              "archiveFileName": "xtensa-esp32-elf-win32-1.22.0-96-g2852398-5.2.0.zip",
              "checksum": "SHA-256:8e2a2e25d4714ae6e4b992be1b1c261caed5b523b0cc0887b6749229c9febbb0",
              "size": "125810912"
            },
            {
              "host": "x86_64-apple-darwin",
              "url": "https://dl.espressif.com/dl/xtensa-esp32-elf-macos-1.22.0-96-g2852398-5.2.0.tar.gz",
              "archiveFileName": "xtensa-esp32-elf-macos-1.22.0-96-g2852398-5.2.0.tar.gz",
              "checksum": "SHA-256:6aeae9547f0cd7e442d1df21821cea8b15d0a6ce349bbd86466e2997b738a99c",
              "size": "50520203"
            },
            {
              "host": "x86_64-pc-linux-gnu",
              "url": "https://dl.espressif.com/dl/xtensa-esp32-elf-linux64-1.22.0-96-g2852398-5.2.0.tar.gz",
              "archiveFileName": "xtensa-esp32-elf-linux64-1.22.0-96-g2852398-5.2.0.tar.gz",
              "checksum": "SHA-256:798a8638f11ad37f41b9640582f869c61ffb4da6d932279fde94a2b636ad2dac",
              "size": "44211883"
            },
            {
              "host": "i686-pc-linux-gnu",
              "url": "https://dl.espressif.com/dl/xtensa-esp32-elf-linux32-1.22.0-96-g2852398-5.2.0.tar.gz",
              "archiveFileName": "xtensa-esp32-elf-linux32-1.22.0-96-g2852398-5.2.0.tar.gz",
              "checksum": "SHA-256:4eea601188aa8f3c3d45d7936ab4c0fabb75b4970dccf7a061de47dba49e377f",
              "size": "45563578"
            },
            {
              "host": "arm-linux-gnueabihf",
              "url": "https://dl.espressif.com/dl/xtensa-esp32-elf-linux-armel-1.22.0-96-g2852398-5.2.0.tar.gz",
              "archiveFileName": "xtensa-esp32-elf-linux-armel-1.22.0-96-g2852398-5.2.0.tar.gz",
              "checksum": "SHA-256:abfe06522f7c3479f6c7434c4bf926c50fa2039362b96abe95fa1f05ec519a9b",
              "size": "50670980"
            },
            {
              "host": "aarch64-linux-gnu",
              "url": "https://dl.espressif.com/dl/xtensa-esp32-elf-linux-armel-1.22.0-96-g2852398-5.2.0.tar.gz",
              "archiveFileName": "xtensa-esp32-elf-linux-armel-1.22.0-96-g2852398-5.2.0.tar.gz",
              "checksum": "SHA-256:abfe06522f7c3479f6c7434c4bf926c50fa2039362b96abe95fa1f05ec519a9b",
              "size": "50670980"
            }
          ]
        },
        {
          "name": "esptool_py",
          "version": "3.0.0",
          "systems": [
            {
              "host": "i686-mingw32",
              "url": "https://dl.espressif.com/dl/esptool-3.0.0.2-windows.zip",
              "archiveFileName": "esptool-3.0.0.2-windows.zip",
              "checksum": "SHA-256:b192bfc1545a3c92658ce586b4edcc2aca3f0ad4b3fa8417d658bc8a48f1387e",
              "size": "3434736"
            },
            {
              "host": "x86_64-apple-darwin",
              "url": "https://dl.espressif.com/dl/esptool-3.0.0.2-macos.tar.gz",
              "archiveFileName": "esptool-3.0.0.2-macos.tar.gz",
              "checksum": "SHA-256:2cafab7f1ebce89475b84c115548eaace40b6366d7b3f9862cdb2fc64f806643",
              "size": "3859642"
            },
            {
              "host": "x86_64-pc-linux-gnu",
              "url": "https://dl.espressif.com/dl/esptool-3.0.0.2-linux.tar.gz",
              "archiveFileName": "esptool-3.0.0.2-linux.tar.gz",
              "checksum": "SHA-256:d5cb51da1c74ff69f81b820470d2ecccb5c7c3a2dec7776483d4c89588b00020",
              "size": "57526"
            },
            {
              "host": "i686-pc-linux-gnu",
              "url": "https://dl.espressif.com/dl/esptool-3.0.0.2-linux.tar.gz",
              "archiveFileName": "esptool-3.0.0.2-linux.tar.gz",
              "checksum": "SHA-256:d5cb51da1c74ff69f81b820470d2ecccb5c7c3a2dec7776483d4c89588b00020",
              "size": "57526"
            },
            {
              "host": "arm-linux-gnueabihf",
              "url": "https://dl.espressif.com/dl/esptool-3.0.0.2-linux.tar.gz",
              "archiveFileName": "esptool-3.0.0.2-linux.tar.gz",
              "checksum": "SHA-256:d5cb51da1c74ff69f81b820470d2ecccb5c7c3a2dec7776483d4c89588b00020",
              "size": "57526"
            },
            {
              "host": "aarch64-linux-gnu",
              "url": "https://dl.espressif.com/dl/esptool-3.0.0.2-linux.tar.gz",
              "archiveFileName": "esptool-3.0.0.2-linux.tar.gz",
              "checksum": "SHA-256:d5cb51da1c74ff69f81b820470d2ecccb5c7c3a2dec7776483d4c89588b00020",
              "size": "57526"
            }
          ]
        },
        {
          "name": "mkspiffs",
          "version": "0.2.3",
          "systems": [
            {
              "host": "i686-mingw32",
              "url": "https://github.com/igrr/mkspiffs/releases/download/0.2.3/mkspiffs-0.2.3-arduino-esp32-win32.zip",
              "archiveFileName": "mkspiffs-0.2.3-arduino-esp32-win32.zip",
              "checksum": "SHA-256:b647f2c2efe6949819c85ea9404271b55c7c9c25bcb98d3b98a1d0ba771adf56",
              "size": "249809"
            },
            {
              "host": "x86_64-apple-darwin",
              "url": "https://github.com/igrr/mkspiffs/releases/download/0.2.3/mkspiffs-0.2.3-arduino-esp32-osx.tar.gz",
              "archiveFileName": "mkspiffs-0.2.3-arduino-esp32-osx.tar.gz",
              "checksum": "SHA-256:9f43fc74a858cf564966b5035322c3e5e61c31a647c5a1d71b388ed6efc48423",
              "size": "130270"
            },
            {
              "host": "i386-apple-darwin",
              "url": "https://github.com/igrr/mkspiffs/releases/download/0.2.3/mkspiffs-0.2.3-arduino-esp32-osx.tar.gz",
              "archiveFileName": "mkspiffs-0.2.3-arduino-esp32-osx.tar.gz",
              "checksum": "SHA-256:9f43fc74a858cf564966b5035322c3e5e61c31a647c5a1d71b388ed6efc48423",
              "size": "130270"
            },
            {
              "host": "x86_64-pc-linux-gnu",
              "url": "https://github.com/igrr/mkspiffs/releases/download/0.2.3/mkspiffs-0.2.3-arduino-esp32-linux64.tar.gz",
              "archiveFileName": "mkspiffs-0.2.3-arduino-esp32-linux64.tar.gz",
              "checksum": "SHA-256:5e1a4ff41385e842f389f6b5254102a547e566a06b49babeffa93ef37115cb5d",
              "size": "50646"
            },
            {
              "host": "i686-pc-linux-gnu",
              "url": "https://github.com/igrr/mkspiffs/releases/download/0.2.3/mkspiffs-0.2.3-arduino-esp32-linux32.tar.gz",
              "archiveFileName": "mkspiffs-0.2.3-arduino-esp32-linux32.tar.gz",
              "checksum": "SHA-256:464463a93e8833209cdc29ba65e1a12fec31718dc10075c195a2445b2c3f6cb0",
              "size": "48751"
            },
            {
              "host": "arm-linux-gnueabihf",
              "url": "https://github.com/igrr/mkspiffs/releases/download/0.2.3/mkspiffs-0.2.3-arduino-esp32-linux-armhf.tar.gz",
              "archiveFileName": "mkspiffs-0.2.3-arduino-esp32-linux-armhf.tar.gz",
              "checksum": "SHA-256:ade3dc00117912ac08a1bdbfbfe76b12d21a34bc5fa1de0cfc45fe7a8d0a0185",
              "size": "40665"
            }
          ]
        }
      ]
    }
  ]
}
